"n.est.tests","avg.no.nodes","avg.diff","sd.diff","lower.ci","upper.ci","med.diff","min.diff","max.dist","filter"
10,3.9,44.6690700397114,27.5707357916316,27.5808649590766,61.7572751203463,39.564198443601,12.2048317347558,99.405608112652,"RSS -80"
12,5.41666666666667,45.2413588629465,24.4143450688276,31.4278965695974,59.0548211562956,39.3227719788978,15.2559403156261,86.5413138727404,"RSS -85"
13,6.84615384615385,51.3318841452717,27.613429434047,36.321328741811,66.3424395487323,42.426741145067,15.2559403156261,87.8736427728153,"RSS -90"
13,9.76923076923077,68.159672839724,56.0086420705588,37.7135876520537,98.6057580273944,49.2207427437152,15.8269072761399,199.088999791789,"RSS -95"
13,12.3076923076923,92.2986686674311,68.1193034975046,55.2692739072966,129.328063427566,63.1586865317212,9.06845802205575,237.702689580423,"RSS -100"
