"n.est.tests","avg.no.nodes","avg.diff","sd.diff","lower.ci","upper.ci","med.diff","min.diff","max.dist","filter"
13,16.0769230769231,129.261400254416,72.7366887352109,89.7220124093858,168.800788099446,117.913656223524,15.4388162601547,312.019927548317,"No Filter"
