"n.est.tests","avg.no.nodes","avg.diff","sd.diff","lower.ci","upper.ci","med.diff","min.diff","max.dist","filter"
25,4.4,44.5943708972776,26.9135325045276,34.0444600161532,55.1442817784021,40.5219221746036,7.39261725786108,98.4870492061352,"RSS -80"
32,5.65625,57.4048292088046,37.4739592525653,44.421003348391,70.3886550692181,48.803801920329,3.1395467838131,171.65306566604,"RSS -85"
35,7.74285714285714,59.4367567962671,36.9241939246834,47.203978858199,71.6695347343353,51.0409950175244,11.1623171483985,169.378881802563,"RSS -90"
35,10.2857142857143,71.8158888368392,39.6367936366772,58.6844418586459,84.9473358150325,69.9960751274571,17.7376312764169,199.277810958233,"RSS -95"
35,13.4,104.133934312309,53.020572127765,86.5685167351176,121.699351889501,95.5233081763073,18.2141430938115,236.392987777533,"RSS -100"
